[
  { "name": "New York", "country_code": "US", "timezone_id": "America/New_York" },
  { "name": "Los Angeles", "country_code": "US", "timezone_id": "America/Los_Angeles" },
  { "name": "Chicago", "country_code": "US", "timezone_id": "America/Chicago" },
  { "name": "Houston", "country_code": "US", "timezone_id": "America/Chicago" },
  { "name": "Phoenix", "country_code": "US", "timezone_id": "America/Phoenix" },
  { "name": "Philadelphia", "country_code": "US", "timezone_id": "America/New_York" },
  { "name": "San Antonio", "country_code": "US", "timezone_id": "America/Chicago" },
  { "name": "San Diego", "country_code": "US", "timezone_id": "America/Los_Angeles" },
  { "name": "Dallas", "country_code": "US", "timezone_id": "America/Chicago" },
  { "name": "San Jose", "country_code": "US", "timezone_id": "America/Los_Angeles" },
  { "name": "Austin", "country_code": "US", "timezone_id": "America/Chicago" },
  { "name": "Jacksonville", "country_code": "US", "timezone_id": "America/New_York" },
  { "name": "Fort Worth", "country_code": "US", "timezone_id": "America/Chicago" },
  { "name": "Columbus", "country_code": "US", "timezone_id": "America/New_York" },
  { "name": "Charlotte", "country_code": "US", "timezone_id": "America/New_York" },
  { "name": "San Francisco", "country_code": "US", "timezone_id": "America/Los_Angeles" },
  { "name": "Indianapolis", "country_code": "US", "timezone_id": "America/Indiana/Indianapolis" },
  { "name": "Seattle", "country_code": "US", "timezone_id": "America/Los_Angeles" },
  { "name": "Denver", "country_code": "US", "timezone_id": "America/Denver" },
  { "name": "Washington D.C.", "country_code": "US", "timezone_id": "America/New_York" },
  { "name": "Boston", "country_code": "US", "timezone_id": "America/New_York" },
  { "name": "Nashville", "country_code": "US", "timezone_id": "America/Chicago" },
  { "name": "Detroit", "country_code": "US", "timezone_id": "America/Detroit" },
  { "name": "Portland", "country_code": "US", "timezone_id": "America/Los_Angeles" },
  { "name": "Las Vegas", "country_code": "US", "timezone_id": "America/Los_Angeles" },
  { "name": "Miami", "country_code": "US", "timezone_id": "America/New_York" },
  { "name": "Atlanta", "country_code": "US", "timezone_id": "America/New_York" },
  { "name": "Minneapolis", "country_code": "US", "timezone_id": "America/Chicago" },
  { "name": "Honolulu", "country_code": "US", "timezone_id": "Pacific/Honolulu" },
  { "name": "Anchorage", "country_code": "US", "timezone_id": "America/Anchorage" },
  { "name": "Toronto", "country_code": "CA", "timezone_id": "America/Toronto" },
  { "name": "Montreal", "country_code": "CA", "timezone_id": "America/Montreal" },
  { "name": "Vancouver", "country_code": "CA", "timezone_id": "America/Vancouver" },
  { "name": "Calgary", "country_code": "CA", "timezone_id": "America/Edmonton" },
  { "name": "Edmonton", "country_code": "CA", "timezone_id": "America/Edmonton" },
  { "name": "Ottawa", "country_code": "CA", "timezone_id": "America/Toronto" },
  { "name": "Winnipeg", "country_code": "CA", "timezone_id": "America/Winnipeg" },
  { "name": "Halifax", "country_code": "CA", "timezone_id": "America/Halifax" },
  { "name": "London", "country_code": "GB", "timezone_id": "Europe/London" },
  { "name": "Manchester", "country_code": "GB", "timezone_id": "Europe/London" },
  { "name": "Birmingham", "country_code": "GB", "timezone_id": "Europe/London" },
  { "name": "Glasgow", "country_code": "GB", "timezone_id": "Europe/London" },
  { "name": "Liverpool", "country_code": "GB", "timezone_id": "Europe/London" },
  { "name": "Edinburgh", "country_code": "GB", "timezone_id": "Europe/London" },
  { "name": "Bristol", "country_code": "GB", "timezone_id": "Europe/London" },
  { "name": "Leeds", "country_code": "GB", "timezone_id": "Europe/London" },
  { "name": "Paris", "country_code": "FR", "timezone_id": "Europe/Paris" },
  { "name": "Marseille", "country_code": "FR", "timezone_id": "Europe/Paris" },
  { "name": "Lyon", "country_code": "FR", "timezone_id": "Europe/Paris" },
  { "name": "Toulouse", "country_code": "FR", "timezone_id": "Europe/Paris" },
  { "name": "Nice", "country_code": "FR", "timezone_id": "Europe/Paris" },
  { "name": "Nantes", "country_code": "FR", "timezone_id": "Europe/Paris" },
  { "name": "Strasbourg", "country_code": "FR", "timezone_id": "Europe/Paris" },
  { "name": "Bordeaux", "country_code": "FR", "timezone_id": "Europe/Paris" },
  { "name": "Berlin", "country_code": "DE", "timezone_id": "Europe/Berlin" },
  { "name": "Hamburg", "country_code": "DE", "timezone_id": "Europe/Berlin" },
  { "name": "Munich", "country_code": "DE", "timezone_id": "Europe/Berlin" },
  { "name": "Cologne", "country_code": "DE", "timezone_id": "Europe/Berlin" },
  { "name": "Frankfurt", "country_code": "DE", "timezone_id": "Europe/Berlin" },
  { "name": "Stuttgart", "country_code": "DE", "timezone_id": "Europe/Berlin" },
  { "name": "Düsseldorf", "country_code": "DE", "timezone_id": "Europe/Berlin" },
  { "name": "Leipzig", "country_code": "DE", "timezone_id": "Europe/Berlin" },
  { "name": "Madrid", "country_code": "ES", "timezone_id": "Europe/Madrid" },
  { "name": "Barcelona", "country_code": "ES", "timezone_id": "Europe/Madrid" },
  { "name": "Valencia", "country_code": "ES", "timezone_id": "Europe/Madrid" },
  { "name": "Seville", "country_code": "ES", "timezone_id": "Europe/Madrid" },
  { "name": "Bilbao", "country_code": "ES", "timezone_id": "Europe/Madrid" },
  { "name": "Malaga", "country_code": "ES", "timezone_id": "Europe/Madrid" },
  { "name": "Rome", "country_code": "IT", "timezone_id": "Europe/Rome" },
  { "name": "Milan", "country_code": "IT", "timezone_id": "Europe/Rome" },
  { "name": "Naples", "country_code": "IT", "timezone_id": "Europe/Rome" },
  { "name": "Turin", "country_code": "IT", "timezone_id": "Europe/Rome" },
  { "name": "Florence", "country_code": "IT", "timezone_id": "Europe/Rome" },
  { "name": "Venice", "country_code": "IT", "timezone_id": "Europe/Rome" },
  { "name": "Bologna", "country_code": "IT", "timezone_id": "Europe/Rome" },
  { "name": "Amsterdam", "country_code": "NL", "timezone_id": "Europe/Amsterdam" },
  { "name": "Rotterdam", "country_code": "NL", "timezone_id": "Europe/Amsterdam" },
  { "name": "The Hague", "country_code": "NL", "timezone_id": "Europe/Amsterdam" },
  { "name": "Utrecht", "country_code": "NL", "timezone_id": "Europe/Amsterdam" },
  { "name": "Brussels", "country_code": "BE", "timezone_id": "Europe/Brussels" },
  { "name": "Antwerp", "country_code": "BE", "timezone_id": "Europe/Brussels" },
  { "name": "Zurich", "country_code": "CH", "timezone_id": "Europe/Zurich" },
  { "name": "Geneva", "country_code": "CH", "timezone_id": "Europe/Zurich" },
  { "name": "Basel", "country_code": "CH", "timezone_id": "Europe/Zurich" },
  { "name": "Bern", "country_code": "CH", "timezone_id": "Europe/Zurich" },
  { "name": "Vienna", "country_code": "AT", "timezone_id": "Europe/Vienna" },
  { "name": "Salzburg", "country_code": "AT", "timezone_id": "Europe/Vienna" },
  { "name": "Lisbon", "country_code": "PT", "timezone_id": "Europe/Lisbon" },
  { "name": "Porto", "country_code": "PT", "timezone_id": "Europe/Lisbon" },
  { "name": "Dublin", "country_code": "IE", "timezone_id": "Europe/Dublin" },
  { "name": "Cork", "country_code": "IE", "timezone_id": "Europe/Dublin" },
  { "name": "Copenhagen", "country_code": "DK", "timezone_id": "Europe/Copenhagen" },
  { "name": "Aarhus", "country_code": "DK", "timezone_id": "Europe/Copenhagen" },
  { "name": "Stockholm", "country_code": "SE", "timezone_id": "Europe/Stockholm" },
  { "name": "Gothenburg", "country_code": "SE", "timezone_id": "Europe/Stockholm" },
  { "name": "Malmö", "country_code": "SE", "timezone_id": "Europe/Stockholm" },
  { "name": "Oslo", "country_code": "NO", "timezone_id": "Europe/Oslo" },
  { "name": "Bergen", "country_code": "NO", "timezone_id": "Europe/Oslo" },
  { "name": "Helsinki", "country_code": "FI", "timezone_id": "Europe/Helsinki" },
  { "name": "Tampere", "country_code": "FI", "timezone_id": "Europe/Helsinki" },
  { "name": "Warsaw", "country_code": "PL", "timezone_id": "Europe/Warsaw" },
  { "name": "Krakow", "country_code": "PL", "timezone_id": "Europe/Warsaw" },
  { "name": "Wroclaw", "country_code": "PL", "timezone_id": "Europe/Warsaw" },
  { "name": "Gdansk", "country_code": "PL", "timezone_id": "Europe/Warsaw" },
  { "name": "Prague", "country_code": "CZ", "timezone_id": "Europe/Prague" },
  { "name": "Brno", "country_code": "CZ", "timezone_id": "Europe/Prague" },
  { "name": "Budapest", "country_code": "HU", "timezone_id": "Europe/Budapest" },
  { "name": "Bucharest", "country_code": "RO", "timezone_id": "Europe/Bucharest" },
  { "name": "Sofia", "country_code": "BG", "timezone_id": "Europe/Sofia" },
  { "name": "Athens", "country_code": "GR", "timezone_id": "Europe/Athens" },
  { "name": "Thessaloniki", "country_code": "GR", "timezone_id": "Europe/Athens" },
  { "name": "Istanbul", "country_code": "TR", "timezone_id": "Europe/Istanbul" },
  { "name": "Ankara", "country_code": "TR", "timezone_id": "Europe/Istanbul" },
  { "name": "Izmir", "country_code": "TR", "timezone_id": "Europe/Istanbul" },
  { "name": "Moscow", "country_code": "RU", "timezone_id": "Europe/Moscow" },
  { "name": "Saint Petersburg", "country_code": "RU", "timezone_id": "Europe/Moscow" },
  { "name": "Novosibirsk", "country_code": "RU", "timezone_id": "Asia/Novosibirsk" },
  { "name": "Yekaterinburg", "country_code": "RU", "timezone_id": "Asia/Yekaterinburg" },
  { "name": "Vladivostok", "country_code": "RU", "timezone_id": "Asia/Vladivostok" },
  { "name": "Kyiv", "country_code": "UA", "timezone_id": "Europe/Kyiv" },
  { "name": "Kharkiv", "country_code": "UA", "timezone_id": "Europe/Kyiv" },
  { "name": "Odesa", "country_code": "UA", "timezone_id": "Europe/Kyiv" },
  { "name": "Tokyo", "country_code": "JP", "timezone_id": "Asia/Tokyo" },
  { "name": "Yokohama", "country_code": "JP", "timezone_id": "Asia/Tokyo" },
  { "name": "Osaka", "country_code": "JP", "timezone_id": "Asia/Tokyo" },
  { "name": "Nagoya", "country_code": "JP", "timezone_id": "Asia/Tokyo" },
  { "name": "Sapporo", "country_code": "JP", "timezone_id": "Asia/Tokyo" },
  { "name": "Fukuoka", "country_code": "JP", "timezone_id": "Asia/Tokyo" },
  { "name": "Kyoto", "country_code": "JP", "timezone_id": "Asia/Tokyo" },
  { "name": "Kobe", "country_code": "JP", "timezone_id": "Asia/Tokyo" },
  { "name": "Seoul", "country_code": "KR", "timezone_id": "Asia/Seoul" },
  { "name": "Busan", "country_code": "KR", "timezone_id": "Asia/Seoul" },
  { "name": "Incheon", "country_code": "KR", "timezone_id": "Asia/Seoul" },
  { "name": "Daegu", "country_code": "KR", "timezone_id": "Asia/Seoul" },
  { "name": "Beijing", "country_code": "CN", "timezone_id": "Asia/Shanghai" },
  { "name": "Shanghai", "country_code": "CN", "timezone_id": "Asia/Shanghai" },
  { "name": "Guangzhou", "country_code": "CN", "timezone_id": "Asia/Shanghai" },
  { "name": "Shenzhen", "country_code": "CN", "timezone_id": "Asia/Shanghai" },
  { "name": "Chengdu", "country_code": "CN", "timezone_id": "Asia/Shanghai" },
  { "name": "Hangzhou", "country_code": "CN", "timezone_id": "Asia/Shanghai" },
  { "name": "Wuhan", "country_code": "CN", "timezone_id": "Asia/Shanghai" },
  { "name": "Xi'an", "country_code": "CN", "timezone_id": "Asia/Shanghai" },
  { "name": "Nanjing", "country_code": "CN", "timezone_id": "Asia/Shanghai" },
  { "name": "Chongqing", "country_code": "CN", "timezone_id": "Asia/Shanghai" },
  { "name": "Hong Kong", "country_code": "HK", "timezone_id": "Asia/Hong_Kong" },
  { "name": "Taipei", "country_code": "TW", "timezone_id": "Asia/Taipei" },
  { "name": "Kaohsiung", "country_code": "TW", "timezone_id": "Asia/Taipei" },
  { "name": "Singapore", "country_code": "SG", "timezone_id": "Asia/Singapore" },
  { "name": "Kuala Lumpur", "country_code": "MY", "timezone_id": "Asia/Kuala_Lumpur" },
  { "name": "George Town", "country_code": "MY", "timezone_id": "Asia/Kuala_Lumpur" },
  { "name": "Johor Bahru", "country_code": "MY", "timezone_id": "Asia/Kuala_Lumpur" },
  { "name": "Bangkok", "country_code": "TH", "timezone_id": "Asia/Bangkok" },
  { "name": "Chiang Mai", "country_code": "TH", "timezone_id": "Asia/Bangkok" },
  { "name": "Phuket", "country_code": "TH", "timezone_id": "Asia/Bangkok" },
  { "name": "Jakarta", "country_code": "ID", "timezone_id": "Asia/Jakarta" },
  { "name": "Surabaya", "country_code": "ID", "timezone_id": "Asia/Jakarta" },
  { "name": "Bandung", "country_code": "ID", "timezone_id": "Asia/Jakarta" },
  { "name": "Bali", "country_code": "ID", "timezone_id": "Asia/Makassar" },
  { "name": "Manila", "country_code": "PH", "timezone_id": "Asia/Manila" },
  { "name": "Cebu", "country_code": "PH", "timezone_id": "Asia/Manila" },
  { "name": "Davao", "country_code": "PH", "timezone_id": "Asia/Manila" },
  { "name": "Hanoi", "country_code": "VN", "timezone_id": "Asia/Ho_Chi_Minh" },
  { "name": "Ho Chi Minh City", "country_code": "VN", "timezone_id": "Asia/Ho_Chi_Minh" },
  { "name": "Da Nang", "country_code": "VN", "timezone_id": "Asia/Ho_Chi_Minh" },
  { "name": "Mumbai", "country_code": "IN", "timezone_id": "Asia/Kolkata" },
  { "name": "Delhi", "country_code": "IN", "timezone_id": "Asia/Kolkata" },
  { "name": "Bangalore", "country_code": "IN", "timezone_id": "Asia/Kolkata" },
  { "name": "Hyderabad", "country_code": "IN", "timezone_id": "Asia/Kolkata" },
  { "name": "Chennai", "country_code": "IN", "timezone_id": "Asia/Kolkata" },
  { "name": "Kolkata", "country_code": "IN", "timezone_id": "Asia/Kolkata" },
  { "name": "Pune", "country_code": "IN", "timezone_id": "Asia/Kolkata" },
  { "name": "Ahmedabad", "country_code": "IN", "timezone_id": "Asia/Kolkata" },
  { "name": "Jaipur", "country_code": "IN", "timezone_id": "Asia/Kolkata" },
  { "name": "Gurgaon", "country_code": "IN", "timezone_id": "Asia/Kolkata" },
  { "name": "Noida", "country_code": "IN", "timezone_id": "Asia/Kolkata" },
  { "name": "Karachi", "country_code": "PK", "timezone_id": "Asia/Karachi" },
  { "name": "Lahore", "country_code": "PK", "timezone_id": "Asia/Karachi" },
  { "name": "Islamabad", "country_code": "PK", "timezone_id": "Asia/Karachi" },
  { "name": "Dhaka", "country_code": "BD", "timezone_id": "Asia/Dhaka" },
  { "name": "Chittagong", "country_code": "BD", "timezone_id": "Asia/Dhaka" },
  { "name": "Colombo", "country_code": "LK", "timezone_id": "Asia/Colombo" },
  { "name": "Kathmandu", "country_code": "NP", "timezone_id": "Asia/Kathmandu" },
  { "name": "Dubai", "country_code": "AE", "timezone_id": "Asia/Dubai" },
  { "name": "Abu Dhabi", "country_code": "AE", "timezone_id": "Asia/Dubai" },
  { "name": "Sharjah", "country_code": "AE", "timezone_id": "Asia/Dubai" },
  { "name": "Doha", "country_code": "QA", "timezone_id": "Asia/Qatar" },
  { "name": "Kuwait City", "country_code": "KW", "timezone_id": "Asia/Kuwait" },
  { "name": "Riyadh", "country_code": "SA", "timezone_id": "Asia/Riyadh" },
  { "name": "Jeddah", "country_code": "SA", "timezone_id": "Asia/Riyadh" },
  { "name": "Mecca", "country_code": "SA", "timezone_id": "Asia/Riyadh" },
  { "name": "Muscat", "country_code": "OM", "timezone_id": "Asia/Muscat" },
  { "name": "Manama", "country_code": "BH", "timezone_id": "Asia/Bahrain" },
  { "name": "Tel Aviv", "country_code": "IL", "timezone_id": "Asia/Jerusalem" },
  { "name": "Jerusalem", "country_code": "IL", "timezone_id": "Asia/Jerusalem" },
  { "name": "Haifa", "country_code": "IL", "timezone_id": "Asia/Jerusalem" },
  { "name": "Amman", "country_code": "JO", "timezone_id": "Asia/Amman" },
  { "name": "Beirut", "country_code": "LB", "timezone_id": "Asia/Beirut" },
  { "name": "Cairo", "country_code": "EG", "timezone_id": "Africa/Cairo" },
  { "name": "Alexandria", "country_code": "EG", "timezone_id": "Africa/Cairo" },
  { "name": "Lagos", "country_code": "NG", "timezone_id": "Africa/Lagos" },
  { "name": "Abuja", "country_code": "NG", "timezone_id": "Africa/Lagos" },
  { "name": "Nairobi", "country_code": "KE", "timezone_id": "Africa/Nairobi" },
  { "name": "Mombasa", "country_code": "KE", "timezone_id": "Africa/Nairobi" },
  { "name": "Johannesburg", "country_code": "ZA", "timezone_id": "Africa/Johannesburg" },
  { "name": "Cape Town", "country_code": "ZA", "timezone_id": "Africa/Johannesburg" },
  { "name": "Durban", "country_code": "ZA", "timezone_id": "Africa/Johannesburg" },
  { "name": "Pretoria", "country_code": "ZA", "timezone_id": "Africa/Johannesburg" },
  { "name": "Casablanca", "country_code": "MA", "timezone_id": "Africa/Casablanca" },
  { "name": "Marrakech", "country_code": "MA", "timezone_id": "Africa/Casablanca" },
  { "name": "Rabat", "country_code": "MA", "timezone_id": "Africa/Casablanca" },
  { "name": "Tunis", "country_code": "TN", "timezone_id": "Africa/Tunis" },
  { "name": "Algiers", "country_code": "DZ", "timezone_id": "Africa/Algiers" },
  { "name": "Accra", "country_code": "GH", "timezone_id": "Africa/Accra" },
  { "name": "Addis Ababa", "country_code": "ET", "timezone_id": "Africa/Addis_Ababa" },
  { "name": "Dar es Salaam", "country_code": "TZ", "timezone_id": "Africa/Dar_es_Salaam" },
  { "name": "Kinshasa", "country_code": "CD", "timezone_id": "Africa/Kinshasa" },
  { "name": "Luanda", "country_code": "AO", "timezone_id": "Africa/Luanda" },
  { "name": "Sydney", "country_code": "AU", "timezone_id": "Australia/Sydney" },
  { "name": "Melbourne", "country_code": "AU", "timezone_id": "Australia/Melbourne" },
  { "name": "Brisbane", "country_code": "AU", "timezone_id": "Australia/Brisbane" },
  { "name": "Perth", "country_code": "AU", "timezone_id": "Australia/Perth" },
  { "name": "Adelaide", "country_code": "AU", "timezone_id": "Australia/Adelaide" },
  { "name": "Gold Coast", "country_code": "AU", "timezone_id": "Australia/Brisbane" },
  { "name": "Canberra", "country_code": "AU", "timezone_id": "Australia/Sydney" },
  { "name": "Hobart", "country_code": "AU", "timezone_id": "Australia/Hobart" },
  { "name": "Darwin", "country_code": "AU", "timezone_id": "Australia/Darwin" },
  { "name": "Auckland", "country_code": "NZ", "timezone_id": "Pacific/Auckland" },
  { "name": "Wellington", "country_code": "NZ", "timezone_id": "Pacific/Auckland" },
  { "name": "Christchurch", "country_code": "NZ", "timezone_id": "Pacific/Auckland" },
  { "name": "Queenstown", "country_code": "NZ", "timezone_id": "Pacific/Auckland" },
  { "name": "Fiji", "country_code": "FJ", "timezone_id": "Pacific/Fiji" },
  { "name": "Mexico City", "country_code": "MX", "timezone_id": "America/Mexico_City" },
  { "name": "Guadalajara", "country_code": "MX", "timezone_id": "America/Mexico_City" },
  { "name": "Monterrey", "country_code": "MX", "timezone_id": "America/Monterrey" },
  { "name": "Cancún", "country_code": "MX", "timezone_id": "America/Cancun" },
  { "name": "Tijuana", "country_code": "MX", "timezone_id": "America/Tijuana" },
  { "name": "Puebla", "country_code": "MX", "timezone_id": "America/Mexico_City" },
  { "name": "São Paulo", "country_code": "BR", "timezone_id": "America/Sao_Paulo" },
  { "name": "Rio de Janeiro", "country_code": "BR", "timezone_id": "America/Sao_Paulo" },
  { "name": "Brasília", "country_code": "BR", "timezone_id": "America/Sao_Paulo" },
  { "name": "Salvador", "country_code": "BR", "timezone_id": "America/Bahia" },
  { "name": "Fortaleza", "country_code": "BR", "timezone_id": "America/Fortaleza" },
  { "name": "Belo Horizonte", "country_code": "BR", "timezone_id": "America/Sao_Paulo" },
  { "name": "Manaus", "country_code": "BR", "timezone_id": "America/Manaus" },
  { "name": "Curitiba", "country_code": "BR", "timezone_id": "America/Sao_Paulo" },
  { "name": "Recife", "country_code": "BR", "timezone_id": "America/Recife" },
  { "name": "Porto Alegre", "country_code": "BR", "timezone_id": "America/Sao_Paulo" },
  { "name": "Buenos Aires", "country_code": "AR", "timezone_id": "America/Argentina/Buenos_Aires" },
  { "name": "Córdoba", "country_code": "AR", "timezone_id": "America/Argentina/Cordoba" },
  { "name": "Rosario", "country_code": "AR", "timezone_id": "America/Argentina/Buenos_Aires" },
  { "name": "Mendoza", "country_code": "AR", "timezone_id": "America/Argentina/Mendoza" },
  { "name": "Santiago", "country_code": "CL", "timezone_id": "America/Santiago" },
  { "name": "Valparaíso", "country_code": "CL", "timezone_id": "America/Santiago" },
  { "name": "Lima", "country_code": "PE", "timezone_id": "America/Lima" },
  { "name": "Arequipa", "country_code": "PE", "timezone_id": "America/Lima" },
  { "name": "Bogotá", "country_code": "CO", "timezone_id": "America/Bogota" },
  { "name": "Medellín", "country_code": "CO", "timezone_id": "America/Bogota" },
  { "name": "Cali", "country_code": "CO", "timezone_id": "America/Bogota" },
  { "name": "Cartagena", "country_code": "CO", "timezone_id": "America/Bogota" },
  { "name": "Caracas", "country_code": "VE", "timezone_id": "America/Caracas" },
  { "name": "Quito", "country_code": "EC", "timezone_id": "America/Guayaquil" },
  { "name": "Guayaquil", "country_code": "EC", "timezone_id": "America/Guayaquil" },
  { "name": "Montevideo", "country_code": "UY", "timezone_id": "America/Montevideo" },
  { "name": "Asunción", "country_code": "PY", "timezone_id": "America/Asuncion" },
  { "name": "La Paz", "country_code": "BO", "timezone_id": "America/La_Paz" },
  { "name": "Panama City", "country_code": "PA", "timezone_id": "America/Panama" },
  { "name": "San José", "country_code": "CR", "timezone_id": "America/Costa_Rica" },
  { "name": "Guatemala City", "country_code": "GT", "timezone_id": "America/Guatemala" },
  { "name": "Havana", "country_code": "CU", "timezone_id": "America/Havana" },
  { "name": "Santo Domingo", "country_code": "DO", "timezone_id": "America/Santo_Domingo" },
  { "name": "San Juan", "country_code": "PR", "timezone_id": "America/Puerto_Rico" },
  { "name": "Kingston", "country_code": "JM", "timezone_id": "America/Jamaica" },
  { "name": "Nassau", "country_code": "BS", "timezone_id": "America/Nassau" },
  { "name": "Reykjavik", "country_code": "IS", "timezone_id": "Atlantic/Reykjavik" },
  { "name": "Tallinn", "country_code": "EE", "timezone_id": "Europe/Tallinn" },
  { "name": "Riga", "country_code": "LV", "timezone_id": "Europe/Riga" },
  { "name": "Vilnius", "country_code": "LT", "timezone_id": "Europe/Vilnius" },
  { "name": "Minsk", "country_code": "BY", "timezone_id": "Europe/Minsk" },
  { "name": "Bratislava", "country_code": "SK", "timezone_id": "Europe/Bratislava" },
  { "name": "Ljubljana", "country_code": "SI", "timezone_id": "Europe/Ljubljana" },
  { "name": "Zagreb", "country_code": "HR", "timezone_id": "Europe/Zagreb" },
  { "name": "Belgrade", "country_code": "RS", "timezone_id": "Europe/Belgrade" },
  { "name": "Sarajevo", "country_code": "BA", "timezone_id": "Europe/Sarajevo" },
  { "name": "Skopje", "country_code": "MK", "timezone_id": "Europe/Skopje" },
  { "name": "Tirana", "country_code": "AL", "timezone_id": "Europe/Tirane" },
  { "name": "Podgorica", "country_code": "ME", "timezone_id": "Europe/Podgorica" },
  { "name": "Nicosia", "country_code": "CY", "timezone_id": "Asia/Nicosia" },
  { "name": "Valletta", "country_code": "MT", "timezone_id": "Europe/Malta" },
  { "name": "Luxembourg City", "country_code": "LU", "timezone_id": "Europe/Luxembourg" },
  { "name": "Monaco", "country_code": "MC", "timezone_id": "Europe/Monaco" },
  { "name": "Tbilisi", "country_code": "GE", "timezone_id": "Asia/Tbilisi" },
  { "name": "Yerevan", "country_code": "AM", "timezone_id": "Asia/Yerevan" },
  { "name": "Baku", "country_code": "AZ", "timezone_id": "Asia/Baku" },
  { "name": "Tashkent", "country_code": "UZ", "timezone_id": "Asia/Tashkent" },
  { "name": "Almaty", "country_code": "KZ", "timezone_id": "Asia/Almaty" },
  { "name": "Nur-Sultan", "country_code": "KZ", "timezone_id": "Asia/Almaty" },
  { "name": "Bishkek", "country_code": "KG", "timezone_id": "Asia/Bishkek" },
  { "name": "Dushanbe", "country_code": "TJ", "timezone_id": "Asia/Dushanbe" },
  { "name": "Ashgabat", "country_code": "TM", "timezone_id": "Asia/Ashgabat" },
  { "name": "Kabul", "country_code": "AF", "timezone_id": "Asia/Kabul" },
  { "name": "Tehran", "country_code": "IR", "timezone_id": "Asia/Tehran" },
  { "name": "Baghdad", "country_code": "IQ", "timezone_id": "Asia/Baghdad" },
  { "name": "Damascus", "country_code": "SY", "timezone_id": "Asia/Damascus" },
  { "name": "Yangon", "country_code": "MM", "timezone_id": "Asia/Yangon" },
  { "name": "Phnom Penh", "country_code": "KH", "timezone_id": "Asia/Phnom_Penh" },
  { "name": "Vientiane", "country_code": "LA", "timezone_id": "Asia/Vientiane" },
  { "name": "Ulaanbaatar", "country_code": "MN", "timezone_id": "Asia/Ulaanbaatar" },
  { "name": "Macau", "country_code": "MO", "timezone_id": "Asia/Macau" },
  { "name": "Brunei", "country_code": "BN", "timezone_id": "Asia/Brunei" },
  { "name": "Male", "country_code": "MV", "timezone_id": "Indian/Maldives" },
  { "name": "Thimphu", "country_code": "BT", "timezone_id": "Asia/Thimphu" },
  { "name": "Pyongyang", "country_code": "KP", "timezone_id": "Asia/Pyongyang" }
]
