[
  { "name": "New York", "country_code": "US", "timezone_id": "America/New_York", "latitude": 40.7128, "longitude": -74.0060 },
  { "name": "Los Angeles", "country_code": "US", "timezone_id": "America/Los_Angeles", "latitude": 34.0522, "longitude": -118.2437 },
  { "name": "Chicago", "country_code": "US", "timezone_id": "America/Chicago", "latitude": 41.8781, "longitude": -87.6298 },
  { "name": "Houston", "country_code": "US", "timezone_id": "America/Chicago", "latitude": 29.7604, "longitude": -95.3698 },
  { "name": "Phoenix", "country_code": "US", "timezone_id": "America/Phoenix", "latitude": 33.4484, "longitude": -112.0742 },
  { "name": "Philadelphia", "country_code": "US", "timezone_id": "America/New_York", "latitude": 39.9526, "longitude": -75.1652 },
  { "name": "San Antonio", "country_code": "US", "timezone_id": "America/Chicago", "latitude": 29.4241, "longitude": -98.4936 },
  { "name": "San Diego", "country_code": "US", "timezone_id": "America/Los_Angeles", "latitude": 32.7157, "longitude": -117.1611 },
  { "name": "Dallas", "country_code": "US", "timezone_id": "America/Chicago", "latitude": 32.7767, "longitude": -96.7970 },
  { "name": "San Jose", "country_code": "US", "timezone_id": "America/Los_Angeles", "latitude": 37.3382, "longitude": -121.8863 },
  { "name": "Austin", "country_code": "US", "timezone_id": "America/Chicago", "latitude": 30.2672, "longitude": -97.7431 },
  { "name": "Jacksonville", "country_code": "US", "timezone_id": "America/New_York", "latitude": 30.3322, "longitude": -81.6557 },
  { "name": "Fort Worth", "country_code": "US", "timezone_id": "America/Chicago", "latitude": 32.7555, "longitude": -97.3308 },
  { "name": "Columbus", "country_code": "US", "timezone_id": "America/New_York", "latitude": 39.9612, "longitude": -82.9988 },
  { "name": "Charlotte", "country_code": "US", "timezone_id": "America/New_York", "latitude": 35.2271, "longitude": -80.8431 },
  { "name": "San Francisco", "country_code": "US", "timezone_id": "America/Los_Angeles", "latitude": 37.7749, "longitude": -122.4194 },
  { "name": "Indianapolis", "country_code": "US", "timezone_id": "America/Indiana/Indianapolis", "latitude": 39.7684, "longitude": -86.1581 },
  { "name": "Seattle", "country_code": "US", "timezone_id": "America/Los_Angeles", "latitude": 47.6062, "longitude": -122.3321 },
  { "name": "Denver", "country_code": "US", "timezone_id": "America/Denver", "latitude": 39.7392, "longitude": -104.9903 },
  { "name": "Washington D.C.", "country_code": "US", "timezone_id": "America/New_York", "latitude": 38.9072, "longitude": -77.0369 },
  { "name": "Boston", "country_code": "US", "timezone_id": "America/New_York", "latitude": 42.3601, "longitude": -71.0589 },
  { "name": "Nashville", "country_code": "US", "timezone_id": "America/Chicago", "latitude": 36.1627, "longitude": -86.7816 },
  { "name": "Detroit", "country_code": "US", "timezone_id": "America/Detroit", "latitude": 42.3314, "longitude": -83.0458 },
  { "name": "Portland", "country_code": "US", "timezone_id": "America/Los_Angeles", "latitude": 45.5152, "longitude": -122.6784 },
  { "name": "Las Vegas", "country_code": "US", "timezone_id": "America/Los_Angeles", "latitude": 36.1699, "longitude": -115.1398 },
  { "name": "Miami", "country_code": "US", "timezone_id": "America/New_York", "latitude": 25.7617, "longitude": -80.1918 },
  { "name": "Atlanta", "country_code": "US", "timezone_id": "America/New_York", "latitude": 33.7490, "longitude": -84.3880 },
  { "name": "Minneapolis", "country_code": "US", "timezone_id": "America/Chicago", "latitude": 44.9778, "longitude": -93.2650 },
  { "name": "Honolulu", "country_code": "US", "timezone_id": "Pacific/Honolulu", "latitude": 21.3099, "longitude": -157.8581 },
  { "name": "Anchorage", "country_code": "US", "timezone_id": "America/Anchorage", "latitude": 61.2181, "longitude": -149.9003 },
  { "name": "Toronto", "country_code": "CA", "timezone_id": "America/Toronto", "latitude": 43.6532, "longitude": -79.3832 },
  { "name": "Montreal", "country_code": "CA", "timezone_id": "America/Montreal", "latitude": 45.5017, "longitude": -73.5673 },
  { "name": "Vancouver", "country_code": "CA", "timezone_id": "America/Vancouver", "latitude": 49.2827, "longitude": -123.1207 },
  { "name": "Calgary", "country_code": "CA", "timezone_id": "America/Edmonton", "latitude": 51.0447, "longitude": -114.0719 },
  { "name": "Edmonton", "country_code": "CA", "timezone_id": "America/Edmonton", "latitude": 53.5461, "longitude": -113.4938 },
  { "name": "Ottawa", "country_code": "CA", "timezone_id": "America/Toronto", "latitude": 45.4215, "longitude": -75.6972 },
  { "name": "Winnipeg", "country_code": "CA", "timezone_id": "America/Winnipeg", "latitude": 49.8951, "longitude": -97.1384 },
  { "name": "Halifax", "country_code": "CA", "timezone_id": "America/Halifax", "latitude": 44.6426, "longitude": -63.2181 },
  { "name": "London", "country_code": "GB", "timezone_id": "Europe/London", "latitude": 51.5074, "longitude": -0.1278 },
  { "name": "Manchester", "country_code": "GB", "timezone_id": "Europe/London", "latitude": 53.4808, "longitude": -2.2426 },
  { "name": "Birmingham", "country_code": "GB", "timezone_id": "Europe/London", "latitude": 52.5085, "longitude": -1.8845 },
  { "name": "Glasgow", "country_code": "GB", "timezone_id": "Europe/London", "latitude": 55.8642, "longitude": -4.2518 },
  { "name": "Liverpool", "country_code": "GB", "timezone_id": "Europe/London", "latitude": 53.4084, "longitude": -2.9916 },
  { "name": "Edinburgh", "country_code": "GB", "timezone_id": "Europe/London", "latitude": 55.9533, "longitude": -3.1883 },
  { "name": "Bristol", "country_code": "GB", "timezone_id": "Europe/London", "latitude": 51.4545, "longitude": -2.5879 },
  { "name": "Leeds", "country_code": "GB", "timezone_id": "Europe/London", "latitude": 53.8008, "longitude": -1.5491 },
  { "name": "Paris", "country_code": "FR", "timezone_id": "Europe/Paris", "latitude": 48.8566, "longitude": 2.3522 },
  { "name": "Marseille", "country_code": "FR", "timezone_id": "Europe/Paris", "latitude": 43.2965, "longitude": 5.3698 },
  { "name": "Lyon", "country_code": "FR", "timezone_id": "Europe/Paris", "latitude": 45.7640, "longitude": 4.8357 },
  { "name": "Toulouse", "country_code": "FR", "timezone_id": "Europe/Paris", "latitude": 43.6047, "longitude": 1.4442 },
  { "name": "Nice", "country_code": "FR", "timezone_id": "Europe/Paris", "latitude": 43.7102, "longitude": 7.2620 },
  { "name": "Nantes", "country_code": "FR", "timezone_id": "Europe/Paris", "latitude": 47.2184, "longitude": -1.5536 },
  { "name": "Strasbourg", "country_code": "FR", "timezone_id": "Europe/Paris", "latitude": 48.5734, "longitude": 7.7521 },
  { "name": "Bordeaux", "country_code": "FR", "timezone_id": "Europe/Paris", "latitude": 44.8378, "longitude": -0.5792 },
  { "name": "Berlin", "country_code": "DE", "timezone_id": "Europe/Berlin", "latitude": 52.5200, "longitude": 13.4050 },
  { "name": "Hamburg", "country_code": "DE", "timezone_id": "Europe/Berlin", "latitude": 53.5511, "longitude": 9.9937 },
  { "name": "Munich", "country_code": "DE", "timezone_id": "Europe/Berlin", "latitude": 48.1351, "longitude": 11.5820 },
  { "name": "Cologne", "country_code": "DE", "timezone_id": "Europe/Berlin", "latitude": 50.9365, "longitude": 6.9589 },
  { "name": "Frankfurt", "country_code": "DE", "timezone_id": "Europe/Berlin", "latitude": 50.1109, "longitude": 8.6821 },
  { "name": "Stuttgart", "country_code": "DE", "timezone_id": "Europe/Berlin", "latitude": 48.7758, "longitude": 9.1829 },
  { "name": "Düsseldorf", "country_code": "DE", "timezone_id": "Europe/Berlin", "latitude": 51.2277, "longitude": 6.7735 },
  { "name": "Leipzig", "country_code": "DE", "timezone_id": "Europe/Berlin", "latitude": 51.3397, "longitude": 12.3731 },
  { "name": "Madrid", "country_code": "ES", "timezone_id": "Europe/Madrid", "latitude": 40.4168, "longitude": -3.7038 },
  { "name": "Barcelona", "country_code": "ES", "timezone_id": "Europe/Madrid", "latitude": 41.3851, "longitude": 2.1734 },
  { "name": "Valencia", "country_code": "ES", "timezone_id": "Europe/Madrid", "latitude": 39.4699, "longitude": -0.3763 },
  { "name": "Seville", "country_code": "ES", "timezone_id": "Europe/Madrid", "latitude": 37.3891, "longitude": -5.9845 },
  { "name": "Bilbao", "country_code": "ES", "timezone_id": "Europe/Madrid", "latitude": 43.2630, "longitude": -2.9349 },
  { "name": "Malaga", "country_code": "ES", "timezone_id": "Europe/Madrid", "latitude": 36.7213, "longitude": -4.4215 },
  { "name": "Rome", "country_code": "IT", "timezone_id": "Europe/Rome", "latitude": 41.9028, "longitude": 12.4964 },
  { "name": "Milan", "country_code": "IT", "timezone_id": "Europe/Rome", "latitude": 45.4642, "longitude": 9.1900 },
  { "name": "Naples", "country_code": "IT", "timezone_id": "Europe/Rome", "latitude": 40.8518, "longitude": 14.2681 },
  { "name": "Turin", "country_code": "IT", "timezone_id": "Europe/Rome", "latitude": 45.0705, "longitude": 7.6868 },
  { "name": "Florence", "country_code": "IT", "timezone_id": "Europe/Rome", "latitude": 43.7696, "longitude": 11.2558 },
  { "name": "Venice", "country_code": "IT", "timezone_id": "Europe/Rome", "latitude": 45.4408, "longitude": 12.3155 },
  { "name": "Bologna", "country_code": "IT", "timezone_id": "Europe/Rome", "latitude": 44.4939, "longitude": 11.3426 },
  { "name": "Amsterdam", "country_code": "NL", "timezone_id": "Europe/Amsterdam", "latitude": 52.3676, "longitude": 4.9041 },
  { "name": "Rotterdam", "country_code": "NL", "timezone_id": "Europe/Amsterdam", "latitude": 51.9225, "longitude": 4.4792 },
  { "name": "The Hague", "country_code": "NL", "timezone_id": "Europe/Amsterdam", "latitude": 52.0705, "longitude": 4.3007 },
  { "name": "Utrecht", "country_code": "NL", "timezone_id": "Europe/Amsterdam", "latitude": 52.0907, "longitude": 5.1214 },
  { "name": "Brussels", "country_code": "BE", "timezone_id": "Europe/Brussels", "latitude": 50.8503, "longitude": 4.3517 },
  { "name": "Antwerp", "country_code": "BE", "timezone_id": "Europe/Brussels", "latitude": 51.2194, "longitude": 4.4025 },
  { "name": "Zurich", "country_code": "CH", "timezone_id": "Europe/Zurich", "latitude": 47.3769, "longitude": 8.5472 },
  { "name": "Geneva", "country_code": "CH", "timezone_id": "Europe/Zurich", "latitude": 46.2044, "longitude": 6.1432 },
  { "name": "Basel", "country_code": "CH", "timezone_id": "Europe/Zurich", "latitude": 47.5596, "longitude": 7.5886 },
  { "name": "Bern", "country_code": "CH", "timezone_id": "Europe/Zurich", "latitude": 46.9479, "longitude": 7.4474 },
  { "name": "Vienna", "country_code": "AT", "timezone_id": "Europe/Vienna", "latitude": 48.2082, "longitude": 16.3738 },
  { "name": "Salzburg", "country_code": "AT", "timezone_id": "Europe/Vienna", "latitude": 47.8095, "longitude": 13.0550 },
  { "name": "Lisbon", "country_code": "PT", "timezone_id": "Europe/Lisbon", "latitude": 38.7223, "longitude": -9.1393 },
  { "name": "Porto", "country_code": "PT", "timezone_id": "Europe/Lisbon", "latitude": 41.1579, "longitude": -8.6291 },
  { "name": "Dublin", "country_code": "IE", "timezone_id": "Europe/Dublin", "latitude": 53.3498, "longitude": -6.2603 },
  { "name": "Cork", "country_code": "IE", "timezone_id": "Europe/Dublin", "latitude": 51.8973, "longitude": -8.4863 },
  { "name": "Copenhagen", "country_code": "DK", "timezone_id": "Europe/Copenhagen", "latitude": 55.6761, "longitude": 12.5683 },
  { "name": "Aarhus", "country_code": "DK", "timezone_id": "Europe/Copenhagen", "latitude": 56.1629, "longitude": 10.2039 },
  { "name": "Stockholm", "country_code": "SE", "timezone_id": "Europe/Stockholm", "latitude": 59.3293, "longitude": 18.0686 },
  { "name": "Gothenburg", "country_code": "SE", "timezone_id": "Europe/Stockholm", "latitude": 57.7072, "longitude": 11.9675 },
  { "name": "Malmö", "country_code": "SE", "timezone_id": "Europe/Stockholm", "latitude": 55.6050, "longitude": 12.9773 },
  { "name": "Oslo", "country_code": "NO", "timezone_id": "Europe/Oslo", "latitude": 59.9139, "longitude": 10.7522 },
  { "name": "Bergen", "country_code": "NO", "timezone_id": "Europe/Oslo", "latitude": 60.3894, "longitude": 5.3300 },
  { "name": "Helsinki", "country_code": "FI", "timezone_id": "Europe/Helsinki", "latitude": 60.1699, "longitude": 24.9384 },
  { "name": "Tampere", "country_code": "FI", "timezone_id": "Europe/Helsinki", "latitude": 61.5003, "longitude": 23.7622 },
  { "name": "Warsaw", "country_code": "PL", "timezone_id": "Europe/Warsaw", "latitude": 52.2297, "longitude": 21.0122 },
  { "name": "Krakow", "country_code": "PL", "timezone_id": "Europe/Warsaw", "latitude": 50.0647, "longitude": 19.9450 },
  { "name": "Wroclaw", "country_code": "PL", "timezone_id": "Europe/Warsaw", "latitude": 51.1079, "longitude": 17.0385 },
  { "name": "Gdansk", "country_code": "PL", "timezone_id": "Europe/Warsaw", "latitude": 54.3520, "longitude": 18.6466 },
  { "name": "Prague", "country_code": "CZ", "timezone_id": "Europe/Prague", "latitude": 50.0755, "longitude": 14.4378 },
  { "name": "Brno", "country_code": "CZ", "timezone_id": "Europe/Prague", "latitude": 49.1950, "longitude": 16.6068 },
  { "name": "Budapest", "country_code": "HU", "timezone_id": "Europe/Budapest", "latitude": 47.4979, "longitude": 19.0402 },
  { "name": "Bucharest", "country_code": "RO", "timezone_id": "Europe/Bucharest", "latitude": 44.4268, "longitude": 26.1025 },
  { "name": "Sofia", "country_code": "BG", "timezone_id": "Europe/Sofia", "latitude": 42.6977, "longitude": 23.3219 },
  { "name": "Athens", "country_code": "GR", "timezone_id": "Europe/Athens", "latitude": 37.9838, "longitude": 23.7275 },
  { "name": "Thessaloniki", "country_code": "GR", "timezone_id": "Europe/Athens", "latitude": 40.6401, "longitude": 22.9444 },
  { "name": "Istanbul", "country_code": "TR", "timezone_id": "Europe/Istanbul", "latitude": 41.0082, "longitude": 28.9784 },
  { "name": "Ankara", "country_code": "TR", "timezone_id": "Europe/Istanbul", "latitude": 39.9334, "longitude": 32.8597 },
  { "name": "Izmir", "country_code": "TR", "timezone_id": "Europe/Istanbul", "latitude": 38.4161, "longitude": 27.1302 },
  { "name": "Moscow", "country_code": "RU", "timezone_id": "Europe/Moscow", "latitude": 55.7558, "longitude": 37.6173 },
  { "name": "Saint Petersburg", "country_code": "RU", "timezone_id": "Europe/Moscow", "latitude": 59.9311, "longitude": 30.3609 },
  { "name": "Novosibirsk", "country_code": "RU", "timezone_id": "Asia/Novosibirsk", "latitude": 55.0415, "longitude": 82.9346 },
  { "name": "Yekaterinburg", "country_code": "RU", "timezone_id": "Asia/Yekaterinburg", "latitude": 56.8389, "longitude": 60.6057 },
  { "name": "Vladivostok", "country_code": "RU", "timezone_id": "Asia/Vladivostok", "latitude": 43.1056, "longitude": 131.8735 },
  { "name": "Kyiv", "country_code": "UA", "timezone_id": "Europe/Kyiv", "latitude": 50.4501, "longitude": 30.5234 },
  { "name": "Kharkiv", "country_code": "UA", "timezone_id": "Europe/Kyiv", "latitude": 50.0038, "longitude": 36.2242 },
  { "name": "Odesa", "country_code": "UA", "timezone_id": "Europe/Kyiv", "latitude": 46.4856, "longitude": 30.7326 },
  { "name": "Tokyo", "country_code": "JP", "timezone_id": "Asia/Tokyo", "latitude": 35.6762, "longitude": 139.6503 },
  { "name": "Yokohama", "country_code": "JP", "timezone_id": "Asia/Tokyo", "latitude": 35.4437, "longitude": 139.6380 },
  { "name": "Osaka", "country_code": "JP", "timezone_id": "Asia/Tokyo", "latitude": 34.6937, "longitude": 135.5023 },
  { "name": "Nagoya", "country_code": "JP", "timezone_id": "Asia/Tokyo", "latitude": 35.1815, "longitude": 136.9066 },
  { "name": "Sapporo", "country_code": "JP", "timezone_id": "Asia/Tokyo", "latitude": 43.0642, "longitude": 141.3469 },
  { "name": "Fukuoka", "country_code": "JP", "timezone_id": "Asia/Tokyo", "latitude": 33.5904, "longitude": 130.4017 },
  { "name": "Kyoto", "country_code": "JP", "timezone_id": "Asia/Tokyo", "latitude": 35.0116, "longitude": 135.7681 },
  { "name": "Kobe", "country_code": "JP", "timezone_id": "Asia/Tokyo", "latitude": 34.6901, "longitude": 135.1955 },
  { "name": "Seoul", "country_code": "KR", "timezone_id": "Asia/Seoul", "latitude": 37.5665, "longitude": 126.9780 },
  { "name": "Busan", "country_code": "KR", "timezone_id": "Asia/Seoul", "latitude": 35.1796, "longitude": 129.0756 },
  { "name": "Incheon", "country_code": "KR", "timezone_id": "Asia/Seoul", "latitude": 37.2757, "longitude": 126.7338 },
  { "name": "Daegu", "country_code": "KR", "timezone_id": "Asia/Seoul", "latitude": 35.8802, "longitude": 128.5956 },
  { "name": "Beijing", "country_code": "CN", "timezone_id": "Asia/Shanghai", "latitude": 39.9042, "longitude": 116.4074 },
  { "name": "Shanghai", "country_code": "CN", "timezone_id": "Asia/Shanghai", "latitude": 31.2304, "longitude": 121.4737 },
  { "name": "Guangzhou", "country_code": "CN", "timezone_id": "Asia/Shanghai", "latitude": 23.1291, "longitude": 113.2644 },
  { "name": "Shenzhen", "country_code": "CN", "timezone_id": "Asia/Shanghai", "latitude": 22.5431, "longitude": 114.0579 },
  { "name": "Chengdu", "country_code": "CN", "timezone_id": "Asia/Shanghai", "latitude": 30.5728, "longitude": 104.0668 },
  { "name": "Hangzhou", "country_code": "CN", "timezone_id": "Asia/Shanghai", "latitude": 30.2741, "longitude": 120.1551 },
  { "name": "Wuhan", "country_code": "CN", "timezone_id": "Asia/Shanghai", "latitude": 30.5928, "longitude": 114.3055 },
  { "name": "Xi'an", "country_code": "CN", "timezone_id": "Asia/Shanghai", "latitude": 34.3416, "longitude": 108.9398 },
  { "name": "Nanjing", "country_code": "CN", "timezone_id": "Asia/Shanghai", "latitude": 32.0603, "longitude": 118.7969 },
  { "name": "Chongqing", "country_code": "CN", "timezone_id": "Asia/Shanghai", "latitude": 29.5630, "longitude": 106.5516 },
  { "name": "Hong Kong", "country_code": "HK", "timezone_id": "Asia/Hong_Kong", "latitude": 22.3193, "longitude": 114.1694 },
  { "name": "Taipei", "country_code": "TW", "timezone_id": "Asia/Taipei", "latitude": 25.0330, "longitude": 121.5654 },
  { "name": "Kaohsiung", "country_code": "TW", "timezone_id": "Asia/Taipei", "latitude": 22.6163, "longitude": 120.3006 },
  { "name": "Singapore", "country_code": "SG", "timezone_id": "Asia/Singapore", "latitude": 1.3521, "longitude": 103.8198 },
  { "name": "Kuala Lumpur", "country_code": "MY", "timezone_id": "Asia/Kuala_Lumpur", "latitude": 3.1390, "longitude": 101.6869 },
  { "name": "George Town", "country_code": "MY", "timezone_id": "Asia/Kuala_Lumpur", "latitude": 5.4164, "longitude": 100.3327 },
  { "name": "Johor Bahru", "country_code": "MY", "timezone_id": "Asia/Kuala_Lumpur", "latitude": 1.4854, "longitude": 103.7618 },
  { "name": "Bangkok", "country_code": "TH", "timezone_id": "Asia/Bangkok", "latitude": 13.7563, "longitude": 100.5018 },
  { "name": "Chiang Mai", "country_code": "TH", "timezone_id": "Asia/Bangkok", "latitude": 18.7883, "longitude": 98.9853 },
  { "name": "Phuket", "country_code": "TH", "timezone_id": "Asia/Bangkok", "latitude": 8.6500, "longitude": 98.4038 },
  { "name": "Jakarta", "country_code": "ID", "timezone_id": "Asia/Jakarta", "latitude": -6.2088, "longitude": 106.8456 },
  { "name": "Surabaya", "country_code": "ID", "timezone_id": "Asia/Jakarta", "latitude": -7.2575, "longitude": 112.7521 },
  { "name": "Bandung", "country_code": "ID", "timezone_id": "Asia/Jakarta", "latitude": -6.9175, "longitude": 107.6191 },
  { "name": "Bali", "country_code": "ID", "timezone_id": "Asia/Makassar", "latitude": -8.6705, "longitude": 115.2126 },
  { "name": "Manila", "country_code": "PH", "timezone_id": "Asia/Manila", "latitude": 14.5994, "longitude": 120.9842 },
  { "name": "Cebu", "country_code": "PH", "timezone_id": "Asia/Manila", "latitude": 10.3157, "longitude": 123.8854 },
  { "name": "Davao", "country_code": "PH", "timezone_id": "Asia/Manila", "latitude": 7.0731, "longitude": 125.6123 },
  { "name": "Hanoi", "country_code": "VN", "timezone_id": "Asia/Ho_Chi_Minh", "latitude": 21.0285, "longitude": 105.8542 },
  { "name": "Ho Chi Minh City", "country_code": "VN", "timezone_id": "Asia/Ho_Chi_Minh", "latitude": 10.8231, "longitude": 106.6797 },
  { "name": "Da Nang", "country_code": "VN", "timezone_id": "Asia/Ho_Chi_Minh", "latitude": 16.0544, "longitude": 108.2022 },
  { "name": "Mumbai", "country_code": "IN", "timezone_id": "Asia/Kolkata", "latitude": 19.0760, "longitude": 72.8777 },
  { "name": "Delhi", "country_code": "IN", "timezone_id": "Asia/Kolkata", "latitude": 28.6139, "longitude": 77.2090 },
  { "name": "Bangalore", "country_code": "IN", "timezone_id": "Asia/Kolkata", "latitude": 12.9716, "longitude": 77.5946 },
  { "name": "Hyderabad", "country_code": "IN", "timezone_id": "Asia/Kolkata", "latitude": 17.3850, "longitude": 78.4867 },
  { "name": "Chennai", "country_code": "IN", "timezone_id": "Asia/Kolkata", "latitude": 13.0827, "longitude": 80.2707 },
  { "name": "Kolkata", "country_code": "IN", "timezone_id": "Asia/Kolkata", "latitude": 22.5726, "longitude": 88.3639 },
  { "name": "Pune", "country_code": "IN", "timezone_id": "Asia/Kolkata", "latitude": 18.5204, "longitude": 73.8567 },
  { "name": "Ahmedabad", "country_code": "IN", "timezone_id": "Asia/Kolkata", "latitude": 23.0225, "longitude": 72.5714 },
  { "name": "Jaipur", "country_code": "IN", "timezone_id": "Asia/Kolkata", "latitude": 26.9124, "longitude": 75.7873 },
  { "name": "Gurgaon", "country_code": "IN", "timezone_id": "Asia/Kolkata", "latitude": 28.4595, "longitude": 77.0266 },
  { "name": "Noida", "country_code": "IN", "timezone_id": "Asia/Kolkata", "latitude": 28.5865, "longitude": 77.3910 },
  { "name": "Karachi", "country_code": "PK", "timezone_id": "Asia/Karachi", "latitude": 24.8607, "longitude": 67.0011 },
  { "name": "Lahore", "country_code": "PK", "timezone_id": "Asia/Karachi", "latitude": 31.5204, "longitude": 74.3587 },
  { "name": "Islamabad", "country_code": "PK", "timezone_id": "Asia/Karachi", "latitude": 33.6844, "longitude": 73.0479 },
  { "name": "Dhaka", "country_code": "BD", "timezone_id": "Asia/Dhaka", "latitude": 23.8103, "longitude": 90.4125 },
  { "name": "Chittagong", "country_code": "BD", "timezone_id": "Asia/Dhaka", "latitude": 22.3569, "longitude": 91.7832 },
  { "name": "Colombo", "country_code": "LK", "timezone_id": "Asia/Colombo", "latitude": 6.9271, "longitude": 80.7780 },
  { "name": "Kathmandu", "country_code": "NP", "timezone_id": "Asia/Kathmandu", "latitude": 27.7172, "longitude": 85.3240 },
  { "name": "Dubai", "country_code": "AE", "timezone_id": "Asia/Dubai", "latitude": 25.2048, "longitude": 55.2708 },
  { "name": "Abu Dhabi", "country_code": "AE", "timezone_id": "Asia/Dubai", "latitude": 24.4539, "longitude": 54.3773 },
  { "name": "Sharjah", "country_code": "AE", "timezone_id": "Asia/Dubai", "latitude": 25.3571, "longitude": 55.3986 },
  { "name": "Doha", "country_code": "QA", "timezone_id": "Asia/Qatar", "latitude": 25.2854, "longitude": 51.5310 },
  { "name": "Kuwait City", "country_code": "KW", "timezone_id": "Asia/Kuwait", "latitude": 29.3759, "longitude": 47.9774 },
  { "name": "Riyadh", "country_code": "SA", "timezone_id": "Asia/Riyadh", "latitude": 24.7136, "longitude": 46.6753 },
  { "name": "Jeddah", "country_code": "SA", "timezone_id": "Asia/Riyadh", "latitude": 21.5433, "longitude": 39.1727 },
  { "name": "Mecca", "country_code": "SA", "timezone_id": "Asia/Riyadh", "latitude": 21.4225, "longitude": 39.8262 },
  { "name": "Muscat", "country_code": "OM", "timezone_id": "Asia/Muscat", "latitude": 23.6100, "longitude": 58.5400 },
  { "name": "Manama", "country_code": "BH", "timezone_id": "Asia/Bahrain", "latitude": 26.2361, "longitude": 50.5831 },
  { "name": "Tel Aviv", "country_code": "IL", "timezone_id": "Asia/Jerusalem", "latitude": 32.0853, "longitude": 34.7818 },
  { "name": "Jerusalem", "country_code": "IL", "timezone_id": "Asia/Jerusalem", "latitude": 31.7683, "longitude": 35.2137 },
  { "name": "Haifa", "country_code": "IL", "timezone_id": "Asia/Jerusalem", "latitude": 32.8193, "longitude": 34.9894 },
  { "name": "Amman", "country_code": "JO", "timezone_id": "Asia/Amman", "latitude": 31.9454, "longitude": 35.9284 },
  { "name": "Beirut", "country_code": "LB", "timezone_id": "Asia/Beirut", "latitude": 33.8886, "longitude": 35.4955 },
  { "name": "Cairo", "country_code": "EG", "timezone_id": "Africa/Cairo", "latitude": 30.0444, "longitude": 31.2357 },
  { "name": "Alexandria", "country_code": "EG", "timezone_id": "Africa/Cairo", "latitude": 31.2001, "longitude": 29.9187 },
  { "name": "Lagos", "country_code": "NG", "timezone_id": "Africa/Lagos", "latitude": 6.5244, "longitude": 3.3792 },
  { "name": "Abuja", "country_code": "NG", "timezone_id": "Africa/Lagos", "latitude": 9.0765, "longitude": 7.3986 },
  { "name": "Nairobi", "country_code": "KE", "timezone_id": "Africa/Nairobi", "latitude": -1.2921, "longitude": 36.8219 },
  { "name": "Mombasa", "country_code": "KE", "timezone_id": "Africa/Nairobi", "latitude": -4.0435, "longitude": 39.6682 },
  { "name": "Johannesburg", "country_code": "ZA", "timezone_id": "Africa/Johannesburg", "latitude": -26.2023, "longitude": 28.0436 },
  { "name": "Cape Town", "country_code": "ZA", "timezone_id": "Africa/Johannesburg", "latitude": -33.9249, "longitude": 18.4241 },
  { "name": "Durban", "country_code": "ZA", "timezone_id": "Africa/Johannesburg", "latitude": -29.8587, "longitude": 31.0218 },
  { "name": "Pretoria", "country_code": "ZA", "timezone_id": "Africa/Johannesburg", "latitude": -25.7479, "longitude": 28.2293 },
  { "name": "Casablanca", "country_code": "MA", "timezone_id": "Africa/Casablanca", "latitude": 33.5731, "longitude": -7.5898 },
  { "name": "Marrakech", "country_code": "MA", "timezone_id": "Africa/Casablanca", "latitude": 31.6295, "longitude": -7.9811 },
  { "name": "Rabat", "country_code": "MA", "timezone_id": "Africa/Casablanca", "latitude": 34.0209, "longitude": -6.8416 },
  { "name": "Tunis", "country_code": "TN", "timezone_id": "Africa/Tunis", "latitude": 36.8065, "longitude": 10.1967 },
  { "name": "Algiers", "country_code": "DZ", "timezone_id": "Africa/Algiers", "latitude": 36.7372, "longitude": 3.0868 },
  { "name": "Accra", "country_code": "GH", "timezone_id": "Africa/Accra", "latitude": 5.6037, "longitude": -0.1870 },
  { "name": "Addis Ababa", "country_code": "ET", "timezone_id": "Africa/Addis_Ababa", "latitude": 9.0320, "longitude": 38.7469 },
  { "name": "Dar es Salaam", "country_code": "TZ", "timezone_id": "Africa/Dar_es_Salaam", "latitude": -6.8000, "longitude": 39.2833 },
  { "name": "Kinshasa", "country_code": "CD", "timezone_id": "Africa/Kinshasa", "latitude": -4.3276, "longitude": 15.3136 },
  { "name": "Luanda", "country_code": "AO", "timezone_id": "Africa/Luanda", "latitude": -8.8383, "longitude": 13.2344 },
  { "name": "Sydney", "country_code": "AU", "timezone_id": "Australia/Sydney", "latitude": -33.8688, "longitude": 151.2093 },
  { "name": "Melbourne", "country_code": "AU", "timezone_id": "Australia/Melbourne", "latitude": -37.8136, "longitude": 144.9631 },
  { "name": "Brisbane", "country_code": "AU", "timezone_id": "Australia/Brisbane", "latitude": -27.4698, "longitude": 153.0251 },
  { "name": "Perth", "country_code": "AU", "timezone_id": "Australia/Perth", "latitude": -31.9505, "longitude": 115.8605 },
  { "name": "Adelaide", "country_code": "AU", "timezone_id": "Australia/Adelaide", "latitude": -34.9285, "longitude": 138.6007 },
  { "name": "Gold Coast", "country_code": "AU", "timezone_id": "Australia/Brisbane", "latitude": -28.0029, "longitude": 153.4311 },
  { "name": "Canberra", "country_code": "AU", "timezone_id": "Australia/Sydney", "latitude": -35.2809, "longitude": 149.1300 },
  { "name": "Hobart", "country_code": "AU", "timezone_id": "Australia/Hobart", "latitude": -42.8821, "longitude": 147.3272 },
  { "name": "Darwin", "country_code": "AU", "timezone_id": "Australia/Darwin", "latitude": -12.4634, "longitude": 130.8456 },
  { "name": "Auckland", "country_code": "NZ", "timezone_id": "Pacific/Auckland", "latitude": -37.7852, "longitude": 175.2829 },
  { "name": "Wellington", "country_code": "NZ", "timezone_id": "Pacific/Auckland", "latitude": -41.2865, "longitude": 174.7762 },
  { "name": "Christchurch", "country_code": "NZ", "timezone_id": "Pacific/Auckland", "latitude": -43.5321, "longitude": 172.6362 },
  { "name": "Queenstown", "country_code": "NZ", "timezone_id": "Pacific/Auckland", "latitude": -44.9261, "longitude": 168.7383 },
  { "name": "Fiji", "country_code": "FJ", "timezone_id": "Pacific/Fiji", "latitude": -18.1248, "longitude": 178.0493 },
  { "name": "Mexico City", "country_code": "MX", "timezone_id": "America/Mexico_City", "latitude": 19.4326, "longitude": -99.1332 },
  { "name": "Guadalajara", "country_code": "MX", "timezone_id": "America/Mexico_City", "latitude": 20.6646, "longitude": -103.3944 },
  { "name": "Monterrey", "country_code": "MX", "timezone_id": "America/Monterrey", "latitude": 25.6866, "longitude": -100.3161 },
  { "name": "Cancún", "country_code": "MX", "timezone_id": "America/Cancun", "latitude": 21.1629, "longitude": -87.0739 },
  { "name": "Tijuana", "country_code": "MX", "timezone_id": "America/Tijuana", "latitude": 32.5149, "longitude": -116.9689 },
  { "name": "Puebla", "country_code": "MX", "timezone_id": "America/Mexico_City", "latitude": 19.0413, "longitude": -98.2062 },
  { "name": "São Paulo", "country_code": "BR", "timezone_id": "America/Sao_Paulo", "latitude": -23.5505, "longitude": -46.6333 },
  { "name": "Rio de Janeiro", "country_code": "BR", "timezone_id": "America/Sao_Paulo", "latitude": -22.9068, "longitude": -43.1729 },
  { "name": "Brasília", "country_code": "BR", "timezone_id": "America/Sao_Paulo", "latitude": -15.7942, "longitude": -47.8822 },
  { "name": "Salvador", "country_code": "BR", "timezone_id": "America/Bahia", "latitude": -12.9714, "longitude": -38.5014 },
  { "name": "Fortaleza", "country_code": "BR", "timezone_id": "America/Fortaleza", "latitude": -3.7319, "longitude": -38.5267 },
  { "name": "Belo Horizonte", "country_code": "BR", "timezone_id": "America/Sao_Paulo", "latitude": -19.9191, "longitude": -43.9386 },
  { "name": "Manaus", "country_code": "BR", "timezone_id": "America/Manaus", "latitude": -3.1190, "longitude": -60.0217 },
  { "name": "Curitiba", "country_code": "BR", "timezone_id": "America/Sao_Paulo", "latitude": -25.4284, "longitude": -49.2733 },
  { "name": "Recife", "country_code": "BR", "timezone_id": "America/Recife", "latitude": -8.0476, "longitude": -34.8770 },
  { "name": "Porto Alegre", "country_code": "BR", "timezone_id": "America/Sao_Paulo", "latitude": -30.0277, "longitude": -51.5005 },
  { "name": "Buenos Aires", "country_code": "AR", "timezone_id": "America/Argentina/Buenos_Aires", "latitude": -34.6037, "longitude": -58.3816 },
  { "name": "Córdoba", "country_code": "AR", "timezone_id": "America/Argentina/Cordoba", "latitude": -31.4201, "longitude": -64.1888 },
  { "name": "Rosario", "country_code": "AR", "timezone_id": "America/Argentina/Buenos_Aires", "latitude": -32.9368, "longitude": -60.6393 },
  { "name": "Mendoza", "country_code": "AR", "timezone_id": "America/Argentina/Mendoza", "latitude": -32.8895, "longitude": -68.8458 },
  { "name": "Santiago", "country_code": "CL", "timezone_id": "America/Santiago", "latitude": -33.4489, "longitude": -70.6693 },
  { "name": "Valparaíso", "country_code": "CL", "timezone_id": "America/Santiago", "latitude": -33.0458, "longitude": -71.6127 },
  { "name": "Lima", "country_code": "PE", "timezone_id": "America/Lima", "latitude": -12.0464, "longitude": -77.0428 },
  { "name": "Arequipa", "country_code": "PE", "timezone_id": "America/Lima", "latitude": -16.3890, "longitude": -71.5350 },
  { "name": "Bogotá", "country_code": "CO", "timezone_id": "America/Bogota", "latitude": 4.7110, "longitude": -74.0721 },
  { "name": "Medellín", "country_code": "CO", "timezone_id": "America/Bogota", "latitude": 6.2442, "longitude": -75.5812 },
  { "name": "Cali", "country_code": "CO", "timezone_id": "America/Bogota", "latitude": 3.4372, "longitude": -76.5197 },
  { "name": "Cartagena", "country_code": "CO", "timezone_id": "America/Bogota", "latitude": 10.3932, "longitude": -75.4830 },
  { "name": "Caracas", "country_code": "VE", "timezone_id": "America/Caracas", "latitude": 10.4806, "longitude": -66.9036 },
  { "name": "Quito", "country_code": "EC", "timezone_id": "America/Guayaquil", "latitude": -0.2299, "longitude": -78.5098 },
  { "name": "Guayaquil", "country_code": "EC", "timezone_id": "America/Guayaquil", "latitude": -2.1894, "longitude": -79.0222 },
  { "name": "Montevideo", "country_code": "UY", "timezone_id": "America/Montevideo", "latitude": -34.9011, "longitude": -56.1645 },
  { "name": "Asunción", "country_code": "PY", "timezone_id": "America/Asuncion", "latitude": -25.2637, "longitude": -57.5759 },
  { "name": "La Paz", "country_code": "BO", "timezone_id": "America/La_Paz", "latitude": -16.2902, "longitude": -63.5887 },
  { "name": "Panama City", "country_code": "PA", "timezone_id": "America/Panama", "latitude": 8.9824, "longitude": -79.5199 },
  { "name": "San José", "country_code": "CR", "timezone_id": "America/Costa_Rica", "latitude": 9.9281, "longitude": -84.0907 },
  { "name": "Guatemala City", "country_code": "GT", "timezone_id": "America/Guatemala", "latitude": 14.6343, "longitude": -90.5069 },
  { "name": "Havana", "country_code": "CU", "timezone_id": "America/Havana", "latitude": 23.1136, "longitude": -82.3666 },
  { "name": "Santo Domingo", "country_code": "DO", "timezone_id": "America/Santo_Domingo", "latitude": 18.4861, "longitude": -69.9312 },
  { "name": "San Juan", "country_code": "PR", "timezone_id": "America/Puerto_Rico", "latitude": 18.4861, "longitude": -66.1193 },
  { "name": "Kingston", "country_code": "JM", "timezone_id": "America/Jamaica", "latitude": 18.0179, "longitude": -76.8099 },
  { "name": "Nassau", "country_code": "BS", "timezone_id": "America/Nassau", "latitude": 25.0657, "longitude": -77.3426 },
  { "name": "Reykjavik", "country_code": "IS", "timezone_id": "Atlantic/Reykjavik", "latitude": 64.1466, "longitude": -21.9426 },
  { "name": "Tallinn", "country_code": "EE", "timezone_id": "Europe/Tallinn", "latitude": 59.4370, "longitude": 24.7536 },
  { "name": "Riga", "country_code": "LV", "timezone_id": "Europe/Riga", "latitude": 56.9496, "longitude": 24.1052 },
  { "name": "Vilnius", "country_code": "LT", "timezone_id": "Europe/Vilnius", "latitude": 54.6872, "longitude": 25.2797 },
  { "name": "Minsk", "country_code": "BY", "timezone_id": "Europe/Minsk", "latitude": 53.9045, "longitude": 27.5615 },
  { "name": "Bratislava", "country_code": "SK", "timezone_id": "Europe/Bratislava", "latitude": 48.1486, "longitude": 17.1077 },
  { "name": "Ljubljana", "country_code": "SI", "timezone_id": "Europe/Ljubljana", "latitude": 46.0569, "longitude": 14.5058 },
  { "name": "Zagreb", "country_code": "HR", "timezone_id": "Europe/Zagreb", "latitude": 45.8150, "longitude": 15.9819 },
  { "name": "Belgrade", "country_code": "RS", "timezone_id": "Europe/Belgrade", "latitude": 44.8176, "longitude": 20.4633 },
  { "name": "Sarajevo", "country_code": "BA", "timezone_id": "Europe/Sarajevo", "latitude": 43.8564, "longitude": 18.4131 },
  { "name": "Skopje", "country_code": "MK", "timezone_id": "Europe/Skopje", "latitude": 41.9973, "longitude": 21.4280 },
  { "name": "Tirana", "country_code": "AL", "timezone_id": "Europe/Tirane", "latitude": 41.3275, "longitude": 19.8187 },
  { "name": "Podgorica", "country_code": "ME", "timezone_id": "Europe/Podgorica", "latitude": 42.4304, "longitude": 19.2594 },
  { "name": "Nicosia", "country_code": "CY", "timezone_id": "Asia/Nicosia", "latitude": 35.1264, "longitude": 33.4299 },
  { "name": "Valletta", "country_code": "MT", "timezone_id": "Europe/Malta", "latitude": 35.8989, "longitude": 14.5146 },
  { "name": "Luxembourg City", "country_code": "LU", "timezone_id": "Europe/Luxembourg", "latitude": 49.6116, "longitude": 6.1319 },
  { "name": "Monaco", "country_code": "MC", "timezone_id": "Europe/Monaco", "latitude": 43.7384, "longitude": 7.4246 },
  { "name": "Tbilisi", "country_code": "GE", "timezone_id": "Asia/Tbilisi", "latitude": 41.7151, "longitude": 44.8271 },
  { "name": "Yerevan", "country_code": "AM", "timezone_id": "Asia/Yerevan", "latitude": 40.1792, "longitude": 44.4991 },
  { "name": "Baku", "country_code": "AZ", "timezone_id": "Asia/Baku", "latitude": 40.3856, "longitude": 49.8671 },
  { "name": "Tashkent", "country_code": "UZ", "timezone_id": "Asia/Tashkent", "latitude": 41.2665, "longitude": 69.2170 },
  { "name": "Almaty", "country_code": "KZ", "timezone_id": "Asia/Almaty", "latitude": 43.2380, "longitude": 76.9502 },
  { "name": "Nur-Sultan", "country_code": "KZ", "timezone_id": "Asia/Almaty", "latitude": 51.1694, "longitude": 71.4491 },
  { "name": "Bishkek", "country_code": "KG", "timezone_id": "Asia/Bishkek", "latitude": 42.8746, "longitude": 74.5698 },
  { "name": "Dushanbe", "country_code": "TJ", "timezone_id": "Asia/Dushanbe", "latitude": 38.5598, "longitude": 68.7738 },
  { "name": "Ashgabat", "country_code": "TM", "timezone_id": "Asia/Ashgabat", "latitude": 37.9601, "longitude": 58.3261 },
  { "name": "Kabul", "country_code": "AF", "timezone_id": "Asia/Kabul", "latitude": 34.5199, "longitude": 69.1766 },
  { "name": "Tehran", "country_code": "IR", "timezone_id": "Asia/Tehran", "latitude": 35.6892, "longitude": 51.3890 },
  { "name": "Baghdad", "country_code": "IQ", "timezone_id": "Asia/Baghdad", "latitude": 33.2232, "longitude": 43.6793 },
  { "name": "Damascus", "country_code": "SY", "timezone_id": "Asia/Damascus", "latitude": 33.5138, "longitude": 36.2765 },
  { "name": "Yangon", "country_code": "MM", "timezone_id": "Asia/Yangon", "latitude": 16.8661, "longitude": 96.1951 },
  { "name": "Phnom Penh", "country_code": "KH", "timezone_id": "Asia/Phnom_Penh", "latitude": 11.5564, "longitude": 104.9282 },
  { "name": "Vientiane", "country_code": "LA", "timezone_id": "Asia/Vientiane", "latitude": 17.9757, "longitude": 102.6331 },
  { "name": "Ulaanbaatar", "country_code": "MN", "timezone_id": "Asia/Ulaanbaatar", "latitude": 47.9064, "longitude": 106.8860 },
  { "name": "Macau", "country_code": "MO", "timezone_id": "Asia/Macau", "latitude": 22.1987, "longitude": 113.5439 },
  { "name": "Brunei", "country_code": "BN", "timezone_id": "Asia/Brunei", "latitude": 4.8830, "longitude": 114.9388 },
  { "name": "Male", "country_code": "MV", "timezone_id": "Indian/Maldives", "latitude": 4.1755, "longitude": 73.5093 },
  { "name": "Thimphu", "country_code": "BT", "timezone_id": "Asia/Thimphu", "latitude": 27.5142, "longitude": 89.6386 },
  { "name": "Pyongyang", "country_code": "KP", "timezone_id": "Asia/Pyongyang", "latitude": 39.0176, "longitude": 125.7453 },
  { "name": "Udaipur", "country_code": "IN", "timezone_id": "Asia/Kolkata", "latitude": 24.5854, "longitude": 73.7125 },
  { "name": "Jodhpur", "country_code": "IN", "timezone_id": "Asia/Kolkata", "latitude": 26.2389, "longitude": 73.0243 }
]
